timeStamp,elapsed,label,responseCode,responseMessage,threadName,dataType,success,failureMessage,bytes,sentBytes,grpThreads,allThreads,URL,Latency,IdleTime,Connect
1642073209917,27763,HTTP Request CodeIgniter,200,OK,Thread Group 1-56,text,true,,311904,134,100,100,https://codeigniter.herebussiness.com/,3328,0,1213
0,0,,Non HTTP response code: java.net.MalformedURLException,Non HTTP response message: Illegal character found in host: '/',Thread Group 1-56,text,false,,834,0,100,100,null,0,0,0
0,0,,Non HTTP response code: java.net.MalformedURLException,Non HTTP response message: Illegal character found in host: '/',Thread Group 1-56,text,false,,834,0,100,100,null,0,0,0
0,0,,Non HTTP response code: java.net.MalformedURLException,Non HTTP response message: Illegal character found in host: '/',Thread Group 1-56,text,false,,834,0,100,100,null,0,0,0
1642073208871,28999,HTTP Request CodeIgniter,200,OK,Thread Group 1-8,text,true,,311904,134,99,99,https://codeigniter.herebussiness.com/,3433,0,1222
0,0,,Non HTTP response code: java.net.MalformedURLException,Non HTTP response message: Illegal character found in host: '/',Thread Group 1-8,text,false,,834,0,99,99,null,0,0,0
0,0,,Non HTTP response code: java.net.MalformedURLException,Non HTTP response message: Illegal character found in host: '/',Thread Group 1-8,text,false,,834,0,99,99,null,0,0,0
0,0,,Non HTTP response code: java.net.MalformedURLException,Non HTTP response message: Illegal character found in host: '/',Thread Group 1-8,text,false,,834,0,99,99,null,0,0,0
1642073208919,29731,HTTP Request CodeIgniter,200,OK,Thread Group 1-12,text,true,,311918,134,98,98,https://codeigniter.herebussiness.com/,3015,0,1124
0,0,,Non HTTP response code: java.net.MalformedURLException,Non HTTP response message: Illegal character found in host: '/',Thread Group 1-12,text,false,,834,0,98,98,null,0,0,0
0,0,,Non HTTP response code: java.net.MalformedURLException,Non HTTP response message: Illegal character found in host: '/',Thread Group 1-12,text,false,,834,0,98,98,null,0,0,0
0,0,,Non HTTP response code: java.net.MalformedURLException,Non HTTP response message: Illegal character found in host: '/',Thread Group 1-12,text,false,,834,0,98,98,null,0,0,0
1642073209194,29688,HTTP Request CodeIgniter,200,OK,Thread Group 1-39,text,true,,311904,134,97,97,https://codeigniter.herebussiness.com/,4221,0,1303
0,0,,Non HTTP response code: java.net.MalformedURLException,Non HTTP response message: Illegal character found in host: '/',Thread Group 1-39,text,false,,834,0,97,97,null,0,0,0
0,0,,Non HTTP response code: java.net.MalformedURLException,Non HTTP response message: Illegal character found in host: '/',Thread Group 1-39,text,false,,834,0,97,97,null,0,0,0
0,0,,Non HTTP response code: java.net.MalformedURLException,Non HTTP response message: Illegal character found in host: '/',Thread Group 1-39,text,false,,834,0,97,97,null,0,0,0
1642073208691,30540,HTTP Request CodeIgniter,200,OK,Thread Group 1-6,text,true,,311904,134,96,96,https://codeigniter.herebussiness.com/,3012,0,1157
0,0,,Non HTTP response code: java.net.MalformedURLException,Non HTTP response message: Illegal character found in host: '/',Thread Group 1-6,text,false,,834,0,96,96,null,0,0,0
0,0,,Non HTTP response code: java.net.MalformedURLException,Non HTTP response message: Illegal character found in host: '/',Thread Group 1-6,text,false,,834,0,96,96,null,0,0,0
0,0,,Non HTTP response code: java.net.MalformedURLException,Non HTTP response message: Illegal character found in host: '/',Thread Group 1-6,text,false,,834,0,96,96,null,0,0,0
1642073209160,30452,HTTP Request CodeIgniter,200,OK,Thread Group 1-32,text,true,,311904,134,95,95,https://codeigniter.herebussiness.com/,10934,0,1267
0,0,,Non HTTP response code: java.net.MalformedURLException,Non HTTP response message: Illegal character found in host: '/',Thread Group 1-32,text,false,,834,0,95,95,null,0,0,0
0,0,,Non HTTP response code: java.net.MalformedURLException,Non HTTP response message: Illegal character found in host: '/',Thread Group 1-32,text,false,,834,0,95,95,null,0,0,0
0,0,,Non HTTP response code: java.net.MalformedURLException,Non HTTP response message: Illegal character found in host: '/',Thread Group 1-32,text,false,,834,0,95,95,null,0,0,0
1642073209158,30787,HTTP Request CodeIgniter,200,OK,Thread Group 1-31,text,true,,311904,134,94,94,https://codeigniter.herebussiness.com/,10970,0,1281
0,0,,Non HTTP response code: java.net.MalformedURLException,Non HTTP response message: Illegal character found in host: '/',Thread Group 1-31,text,false,,834,0,94,94,null,0,0,0
0,0,,Non HTTP response code: java.net.MalformedURLException,Non HTTP response message: Illegal character found in host: '/',Thread Group 1-31,text,false,,834,0,94,94,null,0,0,0
0,0,,Non HTTP response code: java.net.MalformedURLException,Non HTTP response message: Illegal character found in host: '/',Thread Group 1-31,text,false,,834,0,94,94,null,0,0,0
1642073208935,32277,HTTP Request CodeIgniter,200,OK,Thread Group 1-22,text,true,,311904,134,93,93,https://codeigniter.herebussiness.com/,4375,0,2026
0,0,,Non HTTP response code: java.net.MalformedURLException,Non HTTP response message: Illegal character found in host: '/',Thread Group 1-22,text,false,,834,0,93,93,null,0,0,0
0,0,,Non HTTP response code: java.net.MalformedURLException,Non HTTP response message: Illegal character found in host: '/',Thread Group 1-22,text,false,,834,0,93,93,null,0,0,0
0,0,,Non HTTP response code: java.net.MalformedURLException,Non HTTP response message: Illegal character found in host: '/',Thread Group 1-22,text,false,,834,0,93,93,null,0,0,0
1642073208824,33424,HTTP Request CodeIgniter,200,OK,Thread Group 1-15,text,true,,311904,134,92,92,https://codeigniter.herebussiness.com/,2939,0,1085
0,0,,Non HTTP response code: java.net.MalformedURLException,Non HTTP response message: Illegal character found in host: '/',Thread Group 1-15,text,false,,834,0,92,92,null,0,0,0
0,0,,Non HTTP response code: java.net.MalformedURLException,Non HTTP response message: Illegal character found in host: '/',Thread Group 1-15,text,false,,834,0,92,92,null,0,0,0
0,0,,Non HTTP response code: java.net.MalformedURLException,Non HTTP response message: Illegal character found in host: '/',Thread Group 1-15,text,false,,834,0,92,92,null,0,0,0
1642073208765,34045,HTTP Request CodeIgniter,200,OK,Thread Group 1-2,text,true,,311918,134,91,91,https://codeigniter.herebussiness.com/,2893,0,1098
0,0,,Non HTTP response code: java.net.MalformedURLException,Non HTTP response message: Illegal character found in host: '/',Thread Group 1-2,text,false,,834,0,91,91,null,0,0,0
0,0,,Non HTTP response code: java.net.MalformedURLException,Non HTTP response message: Illegal character found in host: '/',Thread Group 1-2,text,false,,834,0,91,91,null,0,0,0
0,0,,Non HTTP response code: java.net.MalformedURLException,Non HTTP response message: Illegal character found in host: '/',Thread Group 1-2,text,false,,834,0,91,91,null,0,0,0
1642073209926,33975,HTTP Request CodeIgniter,200,OK,Thread Group 1-58,text,true,,311918,134,90,90,https://codeigniter.herebussiness.com/,5249,0,1213
0,0,,Non HTTP response code: java.net.MalformedURLException,Non HTTP response message: Illegal character found in host: '/',Thread Group 1-58,text,false,,834,0,90,90,null,0,0,0
0,0,,Non HTTP response code: java.net.MalformedURLException,Non HTTP response message: Illegal character found in host: '/',Thread Group 1-58,text,false,,834,0,90,90,null,0,0,0
0,0,,Non HTTP response code: java.net.MalformedURLException,Non HTTP response message: Illegal character found in host: '/',Thread Group 1-58,text,false,,834,0,90,90,null,0,0,0
1642073208672,35268,HTTP Request CodeIgniter,200,OK,Thread Group 1-5,text,true,,311918,134,89,89,https://codeigniter.herebussiness.com/,3002,0,1193
0,0,,Non HTTP response code: java.net.MalformedURLException,Non HTTP response message: Illegal character found in host: '/',Thread Group 1-5,text,false,,834,0,89,89,null,0,0,0
0,0,,Non HTTP response code: java.net.MalformedURLException,Non HTTP response message: Illegal character found in host: '/',Thread Group 1-5,text,false,,834,0,89,89,null,0,0,0
0,0,,Non HTTP response code: java.net.MalformedURLException,Non HTTP response message: Illegal character found in host: '/',Thread Group 1-5,text,false,,834,0,89,89,null,0,0,0
1642073210369,34259,HTTP Request CodeIgniter,200,OK,Thread Group 1-76,text,true,,311918,134,88,88,https://codeigniter.herebussiness.com/,6454,0,1469
0,0,,Non HTTP response code: java.net.MalformedURLException,Non HTTP response message: Illegal character found in host: '/',Thread Group 1-76,text,false,,834,0,88,88,null,0,0,0
0,0,,Non HTTP response code: java.net.MalformedURLException,Non HTTP response message: Illegal character found in host: '/',Thread Group 1-76,text,false,,834,0,88,88,null,0,0,0
0,0,,Non HTTP response code: java.net.MalformedURLException,Non HTTP response message: Illegal character found in host: '/',Thread Group 1-76,text,false,,834,0,88,88,null,0,0,0
1642073208929,35842,HTTP Request CodeIgniter,200,OK,Thread Group 1-11,text,true,,311904,134,87,87,https://codeigniter.herebussiness.com/,3071,0,1154
0,0,,Non HTTP response code: java.net.MalformedURLException,Non HTTP response message: Illegal character found in host: '/',Thread Group 1-11,text,false,,834,0,87,87,null,0,0,0
0,0,,Non HTTP response code: java.net.MalformedURLException,Non HTTP response message: Illegal character found in host: '/',Thread Group 1-11,text,false,,834,0,87,87,null,0,0,0
0,0,,Non HTTP response code: java.net.MalformedURLException,Non HTTP response message: Illegal character found in host: '/',Thread Group 1-11,text,false,,834,0,87,87,null,0,0,0
1642073209185,35985,HTTP Request CodeIgniter,200,OK,Thread Group 1-38,text,true,,311904,134,86,86,https://codeigniter.herebussiness.com/,12300,0,1286
0,0,,Non HTTP response code: java.net.MalformedURLException,Non HTTP response message: Illegal character found in host: '/',Thread Group 1-38,text,false,,834,0,86,86,null,0,0,0
0,0,,Non HTTP response code: java.net.MalformedURLException,Non HTTP response message: Illegal character found in host: '/',Thread Group 1-38,text,false,,834,0,86,86,null,0,0,0
0,0,,Non HTTP response code: java.net.MalformedURLException,Non HTTP response message: Illegal character found in host: '/',Thread Group 1-38,text,false,,834,0,86,86,null,0,0,0
1642073210326,35283,HTTP Request CodeIgniter,200,OK,Thread Group 1-65,text,true,,311904,134,85,85,https://codeigniter.herebussiness.com/,5251,0,1348
0,0,,Non HTTP response code: java.net.MalformedURLException,Non HTTP response message: Illegal character found in host: '/',Thread Group 1-65,text,false,,834,0,85,85,null,0,0,0
0,0,,Non HTTP response code: java.net.MalformedURLException,Non HTTP response message: Illegal character found in host: '/',Thread Group 1-65,text,false,,834,0,85,85,null,0,0,0
0,0,,Non HTTP response code: java.net.MalformedURLException,Non HTTP response message: Illegal character found in host: '/',Thread Group 1-65,text,false,,834,0,85,85,null,0,0,0
1642073210617,35094,HTTP Request CodeIgniter,200,OK,Thread Group 1-98,text,true,,311904,134,84,84,https://codeigniter.herebussiness.com/,5068,0,1374
0,0,,Non HTTP response code: java.net.MalformedURLException,Non HTTP response message: Illegal character found in host: '/',Thread Group 1-98,text,false,,834,0,84,84,null,0,0,0
0,0,,Non HTTP response code: java.net.MalformedURLException,Non HTTP response message: Illegal character found in host: '/',Thread Group 1-98,text,false,,834,0,84,84,null,0,0,0
0,0,,Non HTTP response code: java.net.MalformedURLException,Non HTTP response message: Illegal character found in host: '/',Thread Group 1-98,text,false,,834,0,84,84,null,0,0,0
1642073208776,37146,HTTP Request CodeIgniter,200,OK,Thread Group 1-3,text,true,,311904,134,83,83,https://codeigniter.herebussiness.com/,13690,0,3402
0,0,,Non HTTP response code: java.net.MalformedURLException,Non HTTP response message: Illegal character found in host: '/',Thread Group 1-3,text,false,,834,0,83,83,null,0,0,0
0,0,,Non HTTP response code: java.net.MalformedURLException,Non HTTP response message: Illegal character found in host: '/',Thread Group 1-3,text,false,,834,0,83,83,null,0,0,0
0,0,,Non HTTP response code: java.net.MalformedURLException,Non HTTP response message: Illegal character found in host: '/',Thread Group 1-3,text,false,,834,0,83,83,null,0,0,0
1642073208949,37301,HTTP Request CodeIgniter,200,OK,Thread Group 1-14,text,true,,311918,134,82,82,https://codeigniter.herebussiness.com/,3249,0,1123
0,0,,Non HTTP response code: java.net.MalformedURLException,Non HTTP response message: Illegal character found in host: '/',Thread Group 1-14,text,false,,834,0,82,82,null,0,0,0
0,0,,Non HTTP response code: java.net.MalformedURLException,Non HTTP response message: Illegal character found in host: '/',Thread Group 1-14,text,false,,834,0,82,82,null,0,0,0
0,0,,Non HTTP response code: java.net.MalformedURLException,Non HTTP response message: Illegal character found in host: '/',Thread Group 1-14,text,false,,834,0,82,82,null,0,0,0
1642073210579,36650,HTTP Request CodeIgniter,200,OK,Thread Group 1-87,text,true,,311904,134,81,81,https://codeigniter.herebussiness.com/,10555,0,1408
0,0,,Non HTTP response code: java.net.MalformedURLException,Non HTTP response message: Illegal character found in host: '/',Thread Group 1-87,text,false,,834,0,81,81,null,0,0,0
0,0,,Non HTTP response code: java.net.MalformedURLException,Non HTTP response message: Illegal character found in host: '/',Thread Group 1-87,text,false,,834,0,81,81,null,0,0,0
0,0,,Non HTTP response code: java.net.MalformedURLException,Non HTTP response message: Illegal character found in host: '/',Thread Group 1-87,text,false,,834,0,81,81,null,0,0,0
1642073209669,38395,HTTP Request CodeIgniter,200,OK,Thread Group 1-46,text,true,,311904,134,80,80,https://codeigniter.herebussiness.com/,3664,0,1306
0,0,,Non HTTP response code: java.net.MalformedURLException,Non HTTP response message: Illegal character found in host: '/',Thread Group 1-46,text,false,,834,0,80,80,null,0,0,0
0,0,,Non HTTP response code: java.net.MalformedURLException,Non HTTP response message: Illegal character found in host: '/',Thread Group 1-46,text,false,,834,0,80,80,null,0,0,0
0,0,,Non HTTP response code: java.net.MalformedURLException,Non HTTP response message: Illegal character found in host: '/',Thread Group 1-46,text,false,,834,0,80,80,null,0,0,0
1642073208863,39317,HTTP Request CodeIgniter,200,OK,Thread Group 1-7,text,true,,311904,134,79,79,https://codeigniter.herebussiness.com/,3097,0,1180
0,0,,Non HTTP response code: java.net.MalformedURLException,Non HTTP response message: Illegal character found in host: '/',Thread Group 1-7,text,false,,834,0,79,79,null,0,0,0
0,0,,Non HTTP response code: java.net.MalformedURLException,Non HTTP response message: Illegal character found in host: '/',Thread Group 1-7,text,false,,834,0,79,79,null,0,0,0
0,0,,Non HTTP response code: java.net.MalformedURLException,Non HTTP response message: Illegal character found in host: '/',Thread Group 1-7,text,false,,834,0,79,79,null,0,0,0
1642073209761,39078,HTTP Request CodeIgniter,200,OK,Thread Group 1-49,text,true,,311904,134,78,78,https://codeigniter.herebussiness.com/,11978,0,1293
0,0,,Non HTTP response code: java.net.MalformedURLException,Non HTTP response message: Illegal character found in host: '/',Thread Group 1-49,text,false,,834,0,78,78,null,0,0,0
0,0,,Non HTTP response code: java.net.MalformedURLException,Non HTTP response message: Illegal character found in host: '/',Thread Group 1-49,text,false,,834,0,78,78,null,0,0,0
0,0,,Non HTTP response code: java.net.MalformedURLException,Non HTTP response message: Illegal character found in host: '/',Thread Group 1-49,text,false,,834,0,78,78,null,0,0,0
1642073209776,39390,HTTP Request CodeIgniter,200,OK,Thread Group 1-50,text,true,,311904,134,77,77,https://codeigniter.herebussiness.com/,12739,0,2794
0,0,,Non HTTP response code: java.net.MalformedURLException,Non HTTP response message: Illegal character found in host: '/',Thread Group 1-50,text,false,,834,0,77,77,null,0,0,0
0,0,,Non HTTP response code: java.net.MalformedURLException,Non HTTP response message: Illegal character found in host: '/',Thread Group 1-50,text,false,,834,0,77,77,null,0,0,0
0,0,,Non HTTP response code: java.net.MalformedURLException,Non HTTP response message: Illegal character found in host: '/',Thread Group 1-50,text,false,,834,0,77,77,null,0,0,0
1642073210332,38983,HTTP Request CodeIgniter,200,OK,Thread Group 1-67,text,true,,311918,134,76,76,https://codeigniter.herebussiness.com/,10650,0,1404
0,0,,Non HTTP response code: java.net.MalformedURLException,Non HTTP response message: Illegal character found in host: '/',Thread Group 1-67,text,false,,834,0,76,76,null,0,0,0
0,0,,Non HTTP response code: java.net.MalformedURLException,Non HTTP response message: Illegal character found in host: '/',Thread Group 1-67,text,false,,834,0,76,76,null,0,0,0
0,0,,Non HTTP response code: java.net.MalformedURLException,Non HTTP response message: Illegal character found in host: '/',Thread Group 1-67,text,false,,834,0,76,76,null,0,0,0
1642073210624,38952,HTTP Request CodeIgniter,200,OK,Thread Group 1-100,text,true,,311904,134,75,75,https://codeigniter.herebussiness.com/,6843,0,2147
0,0,,Non HTTP response code: java.net.MalformedURLException,Non HTTP response message: Illegal character found in host: '/',Thread Group 1-100,text,false,,834,0,75,75,null,0,0,0
0,0,,Non HTTP response code: java.net.MalformedURLException,Non HTTP response message: Illegal character found in host: '/',Thread Group 1-100,text,false,,834,0,75,75,null,0,0,0
0,0,,Non HTTP response code: java.net.MalformedURLException,Non HTTP response message: Illegal character found in host: '/',Thread Group 1-100,text,false,,834,0,75,75,null,0,0,0
1642073209998,39583,HTTP Request CodeIgniter,200,OK,Thread Group 1-60,text,true,,311904,134,74,74,https://codeigniter.herebussiness.com/,3503,0,1490
0,0,,Non HTTP response code: java.net.MalformedURLException,Non HTTP response message: Illegal character found in host: '/',Thread Group 1-60,text,false,,834,0,74,74,null,0,0,0
0,0,,Non HTTP response code: java.net.MalformedURLException,Non HTTP response message: Illegal character found in host: '/',Thread Group 1-60,text,false,,834,0,74,74,null,0,0,0
0,0,,Non HTTP response code: java.net.MalformedURLException,Non HTTP response message: Illegal character found in host: '/',Thread Group 1-60,text,false,,834,0,74,74,null,0,0,0
1642073210003,39635,HTTP Request CodeIgniter,200,OK,Thread Group 1-62,text,true,,311904,134,73,73,https://codeigniter.herebussiness.com/,3393,0,1469
0,0,,Non HTTP response code: java.net.MalformedURLException,Non HTTP response message: Illegal character found in host: '/',Thread Group 1-62,text,false,,834,0,73,73,null,0,0,0
0,0,,Non HTTP response code: java.net.MalformedURLException,Non HTTP response message: Illegal character found in host: '/',Thread Group 1-62,text,false,,834,0,73,73,null,0,0,0
0,0,,Non HTTP response code: java.net.MalformedURLException,Non HTTP response message: Illegal character found in host: '/',Thread Group 1-62,text,false,,834,0,73,73,null,0,0,0
1642073209440,40446,HTTP Request CodeIgniter,200,OK,Thread Group 1-66,text,true,,311918,134,72,72,https://codeigniter.herebussiness.com/,3850,0,1328
0,0,,Non HTTP response code: java.net.MalformedURLException,Non HTTP response message: Illegal character found in host: '/',Thread Group 1-66,text,false,,834,0,72,72,null,0,0,0
0,0,,Non HTTP response code: java.net.MalformedURLException,Non HTTP response message: Illegal character found in host: '/',Thread Group 1-66,text,false,,834,0,72,72,null,0,0,0
0,0,,Non HTTP response code: java.net.MalformedURLException,Non HTTP response message: Illegal character found in host: '/',Thread Group 1-66,text,false,,834,0,72,72,null,0,0,0
1642073210363,39534,HTTP Request CodeIgniter,200,OK,Thread Group 1-73,text,true,,311904,134,71,71,https://codeigniter.herebussiness.com/,6423,0,1437
0,0,,Non HTTP response code: java.net.MalformedURLException,Non HTTP response message: Illegal character found in host: '/',Thread Group 1-73,text,false,,834,0,71,71,null,0,0,0
0,0,,Non HTTP response code: java.net.MalformedURLException,Non HTTP response message: Illegal character found in host: '/',Thread Group 1-73,text,false,,834,0,71,71,null,0,0,0
0,0,,Non HTTP response code: java.net.MalformedURLException,Non HTTP response message: Illegal character found in host: '/',Thread Group 1-73,text,false,,834,0,71,71,null,0,0,0
1642073209047,40925,HTTP Request CodeIgniter,200,OK,Thread Group 1-28,text,true,,311904,134,70,70,https://codeigniter.herebussiness.com/,11120,0,1153
0,0,,Non HTTP response code: java.net.MalformedURLException,Non HTTP response message: Illegal character found in host: '/',Thread Group 1-28,text,false,,834,0,70,70,null,0,0,0
0,0,,Non HTTP response code: java.net.MalformedURLException,Non HTTP response message: Illegal character found in host: '/',Thread Group 1-28,text,false,,834,0,70,70,null,0,0,0
0,0,,Non HTTP response code: java.net.MalformedURLException,Non HTTP response message: Illegal character found in host: '/',Thread Group 1-28,text,false,,834,0,70,70,null,0,0,0
1642073210359,40801,HTTP Request CodeIgniter,200,OK,Thread Group 1-74,text,true,,311904,134,69,69,https://codeigniter.herebussiness.com/,7695,0,2998
0,0,,Non HTTP response code: java.net.MalformedURLException,Non HTTP response message: Illegal character found in host: '/',Thread Group 1-74,text,false,,834,0,69,69,null,0,0,0
0,0,,Non HTTP response code: java.net.MalformedURLException,Non HTTP response message: Illegal character found in host: '/',Thread Group 1-74,text,false,,834,0,69,69,null,0,0,0
0,0,,Non HTTP response code: java.net.MalformedURLException,Non HTTP response message: Illegal character found in host: '/',Thread Group 1-74,text,false,,834,0,69,69,null,0,0,0
1642073210004,41173,HTTP Request CodeIgniter,200,OK,Thread Group 1-63,text,true,,311904,134,68,68,https://codeigniter.herebussiness.com/,8590,0,2330
0,0,,Non HTTP response code: java.net.MalformedURLException,Non HTTP response message: Illegal character found in host: '/',Thread Group 1-63,text,false,,834,0,68,68,null,0,0,0
0,0,,Non HTTP response code: java.net.MalformedURLException,Non HTTP response message: Illegal character found in host: '/',Thread Group 1-63,text,false,,834,0,68,68,null,0,0,0
0,0,,Non HTTP response code: java.net.MalformedURLException,Non HTTP response message: Illegal character found in host: '/',Thread Group 1-63,text,false,,834,0,68,68,null,0,0,0
1642073209147,42041,HTTP Request CodeIgniter,200,OK,Thread Group 1-34,text,true,,311918,134,67,67,https://codeigniter.herebussiness.com/,8166,0,2904
0,0,,Non HTTP response code: java.net.MalformedURLException,Non HTTP response message: Illegal character found in host: '/',Thread Group 1-34,text,false,,834,0,67,67,null,0,0,0
0,0,,Non HTTP response code: java.net.MalformedURLException,Non HTTP response message: Illegal character found in host: '/',Thread Group 1-34,text,false,,834,0,67,67,null,0,0,0
0,0,,Non HTTP response code: java.net.MalformedURLException,Non HTTP response message: Illegal character found in host: '/',Thread Group 1-34,text,false,,834,0,67,67,null,0,0,0
1642073210383,40881,HTTP Request CodeIgniter,200,OK,Thread Group 1-77,text,true,,311904,134,66,66,https://codeigniter.herebussiness.com/,4867,0,1606
0,0,,Non HTTP response code: java.net.MalformedURLException,Non HTTP response message: Illegal character found in host: '/',Thread Group 1-77,text,false,,834,0,66,66,null,0,0,0
0,0,,Non HTTP response code: java.net.MalformedURLException,Non HTTP response message: Illegal character found in host: '/',Thread Group 1-77,text,false,,834,0,66,66,null,0,0,0
0,0,,Non HTTP response code: java.net.MalformedURLException,Non HTTP response message: Illegal character found in host: '/',Thread Group 1-77,text,false,,834,0,66,66,null,0,0,0
1642073209674,41745,HTTP Request CodeIgniter,200,OK,Thread Group 1-47,text,true,,311904,134,65,65,https://codeigniter.herebussiness.com/,12446,0,1299
0,0,,Non HTTP response code: java.net.MalformedURLException,Non HTTP response message: Illegal character found in host: '/',Thread Group 1-47,text,false,,834,0,65,65,null,0,0,0
0,0,,Non HTTP response code: java.net.MalformedURLException,Non HTTP response message: Illegal character found in host: '/',Thread Group 1-47,text,false,,834,0,65,65,null,0,0,0
0,0,,Non HTTP response code: java.net.MalformedURLException,Non HTTP response message: Illegal character found in host: '/',Thread Group 1-47,text,false,,834,0,65,65,null,0,0,0
1642073210372,41281,HTTP Request CodeIgniter,200,OK,Thread Group 1-78,text,true,,311904,134,64,64,https://codeigniter.herebussiness.com/,12001,0,1689
0,0,,Non HTTP response code: java.net.MalformedURLException,Non HTTP response message: Illegal character found in host: '/',Thread Group 1-78,text,false,,834,0,64,64,null,0,0,0
0,0,,Non HTTP response code: java.net.MalformedURLException,Non HTTP response message: Illegal character found in host: '/',Thread Group 1-78,text,false,,834,0,64,64,null,0,0,0
0,0,,Non HTTP response code: java.net.MalformedURLException,Non HTTP response message: Illegal character found in host: '/',Thread Group 1-78,text,false,,834,0,64,64,null,0,0,0
1642073210319,41621,HTTP Request CodeIgniter,200,OK,Thread Group 1-64,text,true,,311918,134,63,63,https://codeigniter.herebussiness.com/,5024,0,1354
0,0,,Non HTTP response code: java.net.MalformedURLException,Non HTTP response message: Illegal character found in host: '/',Thread Group 1-64,text,false,,834,0,63,63,null,0,0,0
0,0,,Non HTTP response code: java.net.MalformedURLException,Non HTTP response message: Illegal character found in host: '/',Thread Group 1-64,text,false,,834,0,63,63,null,0,0,0
0,0,,Non HTTP response code: java.net.MalformedURLException,Non HTTP response message: Illegal character found in host: '/',Thread Group 1-64,text,false,,834,0,63,63,null,0,0,0
1642073209167,42889,HTTP Request CodeIgniter,200,OK,Thread Group 1-36,text,true,,311904,134,62,62,https://codeigniter.herebussiness.com/,10980,0,1283
0,0,,Non HTTP response code: java.net.MalformedURLException,Non HTTP response message: Illegal character found in host: '/',Thread Group 1-36,text,false,,834,0,62,62,null,0,0,0
0,0,,Non HTTP response code: java.net.MalformedURLException,Non HTTP response message: Illegal character found in host: '/',Thread Group 1-36,text,false,,834,0,62,62,null,0,0,0
0,0,,Non HTTP response code: java.net.MalformedURLException,Non HTTP response message: Illegal character found in host: '/',Thread Group 1-36,text,false,,834,0,62,62,null,0,0,0
1642073209044,43406,HTTP Request CodeIgniter,200,OK,Thread Group 1-27,text,true,,311904,134,61,61,https://codeigniter.herebussiness.com/,10860,0,2495
0,0,,Non HTTP response code: java.net.MalformedURLException,Non HTTP response message: Illegal character found in host: '/',Thread Group 1-27,text,false,,834,0,61,61,null,0,0,0
0,0,,Non HTTP response code: java.net.MalformedURLException,Non HTTP response message: Illegal character found in host: '/',Thread Group 1-27,text,false,,834,0,61,61,null,0,0,0
0,0,,Non HTTP response code: java.net.MalformedURLException,Non HTTP response message: Illegal character found in host: '/',Thread Group 1-27,text,false,,834,0,61,61,null,0,0,0
1642073209009,43651,HTTP Request CodeIgniter,200,OK,Thread Group 1-19,text,true,,311904,134,60,60,https://codeigniter.herebussiness.com/,10448,0,1170
0,0,,Non HTTP response code: java.net.MalformedURLException,Non HTTP response message: Illegal character found in host: '/',Thread Group 1-19,text,false,,834,0,60,60,null,0,0,0
0,0,,Non HTTP response code: java.net.MalformedURLException,Non HTTP response message: Illegal character found in host: '/',Thread Group 1-19,text,false,,834,0,60,60,null,0,0,0
0,0,,Non HTTP response code: java.net.MalformedURLException,Non HTTP response message: Illegal character found in host: '/',Thread Group 1-19,text,false,,834,0,60,60,null,0,0,0
1642073209734,43034,HTTP Request CodeIgniter,200,OK,Thread Group 1-43,text,true,,311904,134,59,59,https://codeigniter.herebussiness.com/,3506,0,1293
0,0,,Non HTTP response code: java.net.MalformedURLException,Non HTTP response message: Illegal character found in host: '/',Thread Group 1-43,text,false,,834,0,59,59,null,0,0,0
0,0,,Non HTTP response code: java.net.MalformedURLException,Non HTTP response message: Illegal character found in host: '/',Thread Group 1-43,text,false,,834,0,59,59,null,0,0,0
0,0,,Non HTTP response code: java.net.MalformedURLException,Non HTTP response message: Illegal character found in host: '/',Thread Group 1-43,text,false,,834,0,59,59,null,0,0,0
1642073210584,42203,HTTP Request CodeIgniter,200,OK,Thread Group 1-88,text,true,,311904,134,58,58,https://codeigniter.herebussiness.com/,11770,0,1477
0,0,,Non HTTP response code: java.net.MalformedURLException,Non HTTP response message: Illegal character found in host: '/',Thread Group 1-88,text,false,,834,0,58,58,null,0,0,0
0,0,,Non HTTP response code: java.net.MalformedURLException,Non HTTP response message: Illegal character found in host: '/',Thread Group 1-88,text,false,,834,0,58,58,null,0,0,0
0,0,,Non HTTP response code: java.net.MalformedURLException,Non HTTP response message: Illegal character found in host: '/',Thread Group 1-88,text,false,,834,0,58,58,null,0,0,0
1642073210613,42380,HTTP Request CodeIgniter,200,OK,Thread Group 1-92,text,true,,311904,134,57,57,https://codeigniter.herebussiness.com/,7118,0,1379
0,0,,Non HTTP response code: java.net.MalformedURLException,Non HTTP response message: Illegal character found in host: '/',Thread Group 1-92,text,false,,834,0,57,57,null,0,0,0
0,0,,Non HTTP response code: java.net.MalformedURLException,Non HTTP response message: Illegal character found in host: '/',Thread Group 1-92,text,false,,834,0,57,57,null,0,0,0
0,0,,Non HTTP response code: java.net.MalformedURLException,Non HTTP response message: Illegal character found in host: '/',Thread Group 1-92,text,false,,834,0,57,57,null,0,0,0
1642073209040,44296,HTTP Request CodeIgniter,200,OK,Thread Group 1-21,text,true,,311904,134,56,56,https://codeigniter.herebussiness.com/,9667,0,1135
0,0,,Non HTTP response code: java.net.MalformedURLException,Non HTTP response message: Illegal character found in host: '/',Thread Group 1-21,text,false,,834,0,56,56,null,0,0,0
0,0,,Non HTTP response code: java.net.MalformedURLException,Non HTTP response message: Illegal character found in host: '/',Thread Group 1-21,text,false,,834,0,56,56,null,0,0,0
0,0,,Non HTTP response code: java.net.MalformedURLException,Non HTTP response message: Illegal character found in host: '/',Thread Group 1-21,text,false,,834,0,56,56,null,0,0,0
1642073209905,43567,HTTP Request CodeIgniter,200,OK,Thread Group 1-54,text,true,,311904,134,55,55,https://codeigniter.herebussiness.com/,11520,0,1245
0,0,,Non HTTP response code: java.net.MalformedURLException,Non HTTP response message: Illegal character found in host: '/',Thread Group 1-54,text,false,,834,0,55,55,null,0,0,0
0,0,,Non HTTP response code: java.net.MalformedURLException,Non HTTP response message: Illegal character found in host: '/',Thread Group 1-54,text,false,,834,0,55,55,null,0,0,0
0,0,,Non HTTP response code: java.net.MalformedURLException,Non HTTP response message: Illegal character found in host: '/',Thread Group 1-54,text,false,,834,0,55,55,null,0,0,0
1642073210335,43957,HTTP Request CodeIgniter,200,OK,Thread Group 1-68,text,true,,311904,134,54,54,https://codeigniter.herebussiness.com/,5850,0,1425
0,0,,Non HTTP response code: java.net.MalformedURLException,Non HTTP response message: Illegal character found in host: '/',Thread Group 1-68,text,false,,834,0,54,54,null,0,0,0
0,0,,Non HTTP response code: java.net.MalformedURLException,Non HTTP response message: Illegal character found in host: '/',Thread Group 1-68,text,false,,834,0,54,54,null,0,0,0
0,0,,Non HTTP response code: java.net.MalformedURLException,Non HTTP response message: Illegal character found in host: '/',Thread Group 1-68,text,false,,834,0,54,54,null,0,0,0
1642073210585,44010,HTTP Request CodeIgniter,200,OK,Thread Group 1-89,text,true,,311904,134,53,53,https://codeigniter.herebussiness.com/,6331,0,1449
0,0,,Non HTTP response code: java.net.MalformedURLException,Non HTTP response message: Illegal character found in host: '/',Thread Group 1-89,text,false,,834,0,53,53,null,0,0,0
0,0,,Non HTTP response code: java.net.MalformedURLException,Non HTTP response message: Illegal character found in host: '/',Thread Group 1-89,text,false,,834,0,53,53,null,0,0,0
0,0,,Non HTTP response code: java.net.MalformedURLException,Non HTTP response message: Illegal character found in host: '/',Thread Group 1-89,text,false,,834,0,53,53,null,0,0,0
1642073209136,45854,HTTP Request CodeIgniter,200,OK,Thread Group 1-30,text,true,,311904,134,52,52,https://codeigniter.herebussiness.com/,4354,0,1106
0,0,,Non HTTP response code: java.net.MalformedURLException,Non HTTP response message: Illegal character found in host: '/',Thread Group 1-30,text,false,,834,0,52,52,null,0,0,0
0,0,,Non HTTP response code: java.net.MalformedURLException,Non HTTP response message: Illegal character found in host: '/',Thread Group 1-30,text,false,,834,0,52,52,null,0,0,0
0,0,,Non HTTP response code: java.net.MalformedURLException,Non HTTP response message: Illegal character found in host: '/',Thread Group 1-30,text,false,,834,0,52,52,null,0,0,0
1642073209434,45663,HTTP Request CodeIgniter,200,OK,Thread Group 1-37,text,true,,311904,134,51,51,https://codeigniter.herebussiness.com/,12246,0,1537
0,0,,Non HTTP response code: java.net.MalformedURLException,Non HTTP response message: Illegal character found in host: '/',Thread Group 1-37,text,false,,834,0,51,51,null,0,0,0
0,0,,Non HTTP response code: java.net.MalformedURLException,Non HTTP response message: Illegal character found in host: '/',Thread Group 1-37,text,false,,834,0,51,51,null,0,0,0
0,0,,Non HTTP response code: java.net.MalformedURLException,Non HTTP response message: Illegal character found in host: '/',Thread Group 1-37,text,false,,834,0,51,51,null,0,0,0
1642073210360,44863,HTTP Request CodeIgniter,200,OK,Thread Group 1-72,text,true,,311918,134,50,50,https://codeigniter.herebussiness.com/,5537,0,1369
0,0,,Non HTTP response code: java.net.MalformedURLException,Non HTTP response message: Illegal character found in host: '/',Thread Group 1-72,text,false,,834,0,50,50,null,0,0,0
0,0,,Non HTTP response code: java.net.MalformedURLException,Non HTTP response message: Illegal character found in host: '/',Thread Group 1-72,text,false,,834,0,50,50,null,0,0,0
0,0,,Non HTTP response code: java.net.MalformedURLException,Non HTTP response message: Illegal character found in host: '/',Thread Group 1-72,text,false,,834,0,50,50,null,0,0,0
1642073210365,44891,HTTP Request CodeIgniter,200,OK,Thread Group 1-75,text,true,,311918,134,49,49,https://codeigniter.herebussiness.com/,4834,0,1597
0,0,,Non HTTP response code: java.net.MalformedURLException,Non HTTP response message: Illegal character found in host: '/',Thread Group 1-75,text,false,,834,0,49,49,null,0,0,0
0,0,,Non HTTP response code: java.net.MalformedURLException,Non HTTP response message: Illegal character found in host: '/',Thread Group 1-75,text,false,,834,0,49,49,null,0,0,0
0,0,,Non HTTP response code: java.net.MalformedURLException,Non HTTP response message: Illegal character found in host: '/',Thread Group 1-75,text,false,,834,0,49,49,null,0,0,0
1642073209782,45703,HTTP Request CodeIgniter,200,OK,Thread Group 1-51,text,true,,311904,134,48,48,https://codeigniter.herebussiness.com/,3479,0,1255
1642073210403,45082,HTTP Request CodeIgniter,200,OK,Thread Group 1-83,text,true,,311918,134,48,48,https://codeigniter.herebussiness.com/,4811,0,1427
0,0,,Non HTTP response code: java.net.MalformedURLException,Non HTTP response message: Illegal character found in host: '/',Thread Group 1-83,text,false,,834,0,48,48,null,0,0,0
0,0,,Non HTTP response code: java.net.MalformedURLException,Non HTTP response message: Illegal character found in host: '/',Thread Group 1-51,text,false,,834,0,48,48,null,0,0,0
0,0,,Non HTTP response code: java.net.MalformedURLException,Non HTTP response message: Illegal character found in host: '/',Thread Group 1-83,text,false,,834,0,48,48,null,0,0,0
0,0,,Non HTTP response code: java.net.MalformedURLException,Non HTTP response message: Illegal character found in host: '/',Thread Group 1-83,text,false,,834,0,48,48,null,0,0,0
0,0,,Non HTTP response code: java.net.MalformedURLException,Non HTTP response message: Illegal character found in host: '/',Thread Group 1-51,text,false,,834,0,48,48,null,0,0,0
0,0,,Non HTTP response code: java.net.MalformedURLException,Non HTTP response message: Illegal character found in host: '/',Thread Group 1-51,text,false,,834,0,48,48,null,0,0,0
1642073209539,46028,HTTP Request CodeIgniter,200,OK,Thread Group 1-41,text,true,,311918,134,46,46,https://codeigniter.herebussiness.com/,5543,0,2262
0,0,,Non HTTP response code: java.net.MalformedURLException,Non HTTP response message: Illegal character found in host: '/',Thread Group 1-41,text,false,,834,0,46,46,null,0,0,0
0,0,,Non HTTP response code: java.net.MalformedURLException,Non HTTP response message: Illegal character found in host: '/',Thread Group 1-41,text,false,,834,0,46,46,null,0,0,0
0,0,,Non HTTP response code: java.net.MalformedURLException,Non HTTP response message: Illegal character found in host: '/',Thread Group 1-41,text,false,,834,0,46,46,null,0,0,0
1642073209753,45885,HTTP Request CodeIgniter,200,OK,Thread Group 1-48,text,true,,311904,134,45,45,https://codeigniter.herebussiness.com/,5244,0,1257
0,0,,Non HTTP response code: java.net.MalformedURLException,Non HTTP response message: Illegal character found in host: '/',Thread Group 1-48,text,false,,834,0,45,45,null,0,0,0
0,0,,Non HTTP response code: java.net.MalformedURLException,Non HTTP response message: Illegal character found in host: '/',Thread Group 1-48,text,false,,834,0,45,45,null,0,0,0
0,0,,Non HTTP response code: java.net.MalformedURLException,Non HTTP response message: Illegal character found in host: '/',Thread Group 1-48,text,false,,834,0,45,45,null,0,0,0
1642073209539,46107,HTTP Request CodeIgniter,200,OK,Thread Group 1-40,text,true,,311904,134,44,44,https://codeigniter.herebussiness.com/,12323,0,2322
0,0,,Non HTTP response code: java.net.MalformedURLException,Non HTTP response message: Illegal character found in host: '/',Thread Group 1-40,text,false,,834,0,44,44,null,0,0,0
0,0,,Non HTTP response code: java.net.MalformedURLException,Non HTTP response message: Illegal character found in host: '/',Thread Group 1-40,text,false,,834,0,44,44,null,0,0,0
0,0,,Non HTTP response code: java.net.MalformedURLException,Non HTTP response message: Illegal character found in host: '/',Thread Group 1-40,text,false,,834,0,44,44,null,0,0,0
1642073209059,47313,HTTP Request CodeIgniter,200,OK,Thread Group 1-24,text,true,,311918,134,43,43,https://codeigniter.herebussiness.com/,10090,0,1141
0,0,,Non HTTP response code: java.net.MalformedURLException,Non HTTP response message: Illegal character found in host: '/',Thread Group 1-24,text,false,,834,0,43,43,null,0,0,0
0,0,,Non HTTP response code: java.net.MalformedURLException,Non HTTP response message: Illegal character found in host: '/',Thread Group 1-24,text,false,,834,0,43,43,null,0,0,0
0,0,,Non HTTP response code: java.net.MalformedURLException,Non HTTP response message: Illegal character found in host: '/',Thread Group 1-24,text,false,,834,0,43,43,null,0,0,0
1642073210397,46224,HTTP Request CodeIgniter,200,OK,Thread Group 1-81,text,true,,311904,134,42,42,https://codeigniter.herebussiness.com/,6378,0,1466
0,0,,Non HTTP response code: java.net.MalformedURLException,Non HTTP response message: Illegal character found in host: '/',Thread Group 1-81,text,false,,834,0,42,42,null,0,0,0
0,0,,Non HTTP response code: java.net.MalformedURLException,Non HTTP response message: Illegal character found in host: '/',Thread Group 1-81,text,false,,834,0,42,42,null,0,0,0
0,0,,Non HTTP response code: java.net.MalformedURLException,Non HTTP response message: Illegal character found in host: '/',Thread Group 1-81,text,false,,834,0,42,42,null,0,0,0
1642073208891,47894,HTTP Request CodeIgniter,200,OK,Thread Group 1-10,text,true,,311904,134,41,41,https://codeigniter.herebussiness.com/,7945,0,3800
0,0,,Non HTTP response code: java.net.MalformedURLException,Non HTTP response message: Illegal character found in host: '/',Thread Group 1-10,text,false,,834,0,41,41,null,0,0,0
0,0,,Non HTTP response code: java.net.MalformedURLException,Non HTTP response message: Illegal character found in host: '/',Thread Group 1-10,text,false,,834,0,41,41,null,0,0,0
0,0,,Non HTTP response code: java.net.MalformedURLException,Non HTTP response message: Illegal character found in host: '/',Thread Group 1-10,text,false,,834,0,41,41,null,0,0,0
1642073210607,47269,HTTP Request CodeIgniter,200,OK,Thread Group 1-96,text,true,,311904,134,40,40,https://codeigniter.herebussiness.com/,5964,0,1427
0,0,,Non HTTP response code: java.net.MalformedURLException,Non HTTP response message: Illegal character found in host: '/',Thread Group 1-96,text,false,,834,0,40,40,null,0,0,0
0,0,,Non HTTP response code: java.net.MalformedURLException,Non HTTP response message: Illegal character found in host: '/',Thread Group 1-96,text,false,,834,0,40,40,null,0,0,0
0,0,,Non HTTP response code: java.net.MalformedURLException,Non HTTP response message: Illegal character found in host: '/',Thread Group 1-96,text,false,,834,0,40,40,null,0,0,0
1642073210627,47409,HTTP Request CodeIgniter,200,OK,Thread Group 1-95,text,true,,311918,134,39,39,https://codeigniter.herebussiness.com/,5995,0,1404
0,0,,Non HTTP response code: java.net.MalformedURLException,Non HTTP response message: Illegal character found in host: '/',Thread Group 1-95,text,false,,834,0,39,39,null,0,0,0
0,0,,Non HTTP response code: java.net.MalformedURLException,Non HTTP response message: Illegal character found in host: '/',Thread Group 1-95,text,false,,834,0,39,39,null,0,0,0
0,0,,Non HTTP response code: java.net.MalformedURLException,Non HTTP response message: Illegal character found in host: '/',Thread Group 1-95,text,false,,834,0,39,39,null,0,0,0
1642073210605,47607,HTTP Request CodeIgniter,200,OK,Thread Group 1-97,text,true,,311904,134,38,38,https://codeigniter.herebussiness.com/,15103,0,2761
0,0,,Non HTTP response code: java.net.MalformedURLException,Non HTTP response message: Illegal character found in host: '/',Thread Group 1-97,text,false,,834,0,38,38,null,0,0,0
0,0,,Non HTTP response code: java.net.MalformedURLException,Non HTTP response message: Illegal character found in host: '/',Thread Group 1-97,text,false,,834,0,38,38,null,0,0,0
0,0,,Non HTTP response code: java.net.MalformedURLException,Non HTTP response message: Illegal character found in host: '/',Thread Group 1-97,text,false,,834,0,38,38,null,0,0,0
1642073209912,48650,HTTP Request CodeIgniter,200,OK,Thread Group 1-55,text,true,,311904,134,37,37,https://codeigniter.herebussiness.com/,5329,0,1223
0,0,,Non HTTP response code: java.net.MalformedURLException,Non HTTP response message: Illegal character found in host: '/',Thread Group 1-55,text,false,,834,0,37,37,null,0,0,0
0,0,,Non HTTP response code: java.net.MalformedURLException,Non HTTP response message: Illegal character found in host: '/',Thread Group 1-55,text,false,,834,0,37,37,null,0,0,0
0,0,,Non HTTP response code: java.net.MalformedURLException,Non HTTP response message: Illegal character found in host: '/',Thread Group 1-55,text,false,,834,0,37,37,null,0,0,0
1642073210346,48359,HTTP Request CodeIgniter,200,OK,Thread Group 1-69,text,true,,311904,134,36,36,https://codeigniter.herebussiness.com/,5777,0,1413
0,0,,Non HTTP response code: java.net.MalformedURLException,Non HTTP response message: Illegal character found in host: '/',Thread Group 1-69,text,false,,834,0,36,36,null,0,0,0
0,0,,Non HTTP response code: java.net.MalformedURLException,Non HTTP response message: Illegal character found in host: '/',Thread Group 1-69,text,false,,834,0,36,36,null,0,0,0
0,0,,Non HTTP response code: java.net.MalformedURLException,Non HTTP response message: Illegal character found in host: '/',Thread Group 1-69,text,false,,834,0,36,36,null,0,0,0
1642073210597,48164,HTTP Request CodeIgniter,200,OK,Thread Group 1-94,text,true,,311904,134,35,35,https://codeigniter.herebussiness.com/,4738,0,1388
0,0,,Non HTTP response code: java.net.MalformedURLException,Non HTTP response message: Illegal character found in host: '/',Thread Group 1-94,text,false,,834,0,35,35,null,0,0,0
0,0,,Non HTTP response code: java.net.MalformedURLException,Non HTTP response message: Illegal character found in host: '/',Thread Group 1-94,text,false,,834,0,35,35,null,0,0,0
0,0,,Non HTTP response code: java.net.MalformedURLException,Non HTTP response message: Illegal character found in host: '/',Thread Group 1-94,text,false,,834,0,35,35,null,0,0,0
1642073210588,48282,HTTP Request CodeIgniter,200,OK,Thread Group 1-90,text,true,,311904,134,34,34,https://codeigniter.herebussiness.com/,12106,0,2261
0,0,,Non HTTP response code: java.net.MalformedURLException,Non HTTP response message: Illegal character found in host: '/',Thread Group 1-90,text,false,,834,0,34,34,null,0,0,0
0,0,,Non HTTP response code: java.net.MalformedURLException,Non HTTP response message: Illegal character found in host: '/',Thread Group 1-90,text,false,,834,0,34,34,null,0,0,0
0,0,,Non HTTP response code: java.net.MalformedURLException,Non HTTP response message: Illegal character found in host: '/',Thread Group 1-90,text,false,,834,0,34,34,null,0,0,0
1642073210365,48687,HTTP Request CodeIgniter,200,OK,Thread Group 1-70,text,true,,311904,134,33,33,https://codeigniter.herebussiness.com/,7632,0,3883
0,0,,Non HTTP response code: java.net.MalformedURLException,Non HTTP response message: Illegal character found in host: '/',Thread Group 1-70,text,false,,834,0,33,33,null,0,0,0
0,0,,Non HTTP response code: java.net.MalformedURLException,Non HTTP response message: Illegal character found in host: '/',Thread Group 1-70,text,false,,834,0,33,33,null,0,0,0
0,0,,Non HTTP response code: java.net.MalformedURLException,Non HTTP response message: Illegal character found in host: '/',Thread Group 1-70,text,false,,834,0,33,33,null,0,0,0
1642073210399,49717,HTTP Request CodeIgniter,200,OK,Thread Group 1-80,text,true,,311904,134,32,32,https://codeigniter.herebussiness.com/,9389,0,2698
0,0,,Non HTTP response code: java.net.MalformedURLException,Non HTTP response message: Illegal character found in host: '/',Thread Group 1-80,text,false,,834,0,32,32,null,0,0,0
0,0,,Non HTTP response code: java.net.MalformedURLException,Non HTTP response message: Illegal character found in host: '/',Thread Group 1-80,text,false,,834,0,32,32,null,0,0,0
0,0,,Non HTTP response code: java.net.MalformedURLException,Non HTTP response message: Illegal character found in host: '/',Thread Group 1-80,text,false,,834,0,32,32,null,0,0,0
1642073209136,51612,HTTP Request CodeIgniter,200,OK,Thread Group 1-33,text,true,,311904,134,31,31,https://codeigniter.herebussiness.com/,11070,0,1168
0,0,,Non HTTP response code: java.net.MalformedURLException,Non HTTP response message: Illegal character found in host: '/',Thread Group 1-33,text,false,,834,0,31,31,null,0,0,0
0,0,,Non HTTP response code: java.net.MalformedURLException,Non HTTP response message: Illegal character found in host: '/',Thread Group 1-33,text,false,,834,0,31,31,null,0,0,0
0,0,,Non HTTP response code: java.net.MalformedURLException,Non HTTP response message: Illegal character found in host: '/',Thread Group 1-33,text,false,,834,0,31,31,null,0,0,0
1642073208712,52335,HTTP Request CodeIgniter,200,OK,Thread Group 1-1,text,true,,311918,134,30,30,https://codeigniter.herebussiness.com/,2994,0,1130
0,0,,Non HTTP response code: java.net.MalformedURLException,Non HTTP response message: Illegal character found in host: '/',Thread Group 1-1,text,false,,834,0,30,30,null,0,0,0
0,0,,Non HTTP response code: java.net.MalformedURLException,Non HTTP response message: Illegal character found in host: '/',Thread Group 1-1,text,false,,834,0,30,30,null,0,0,0
0,0,,Non HTTP response code: java.net.MalformedURLException,Non HTTP response message: Illegal character found in host: '/',Thread Group 1-1,text,false,,834,0,30,30,null,0,0,0
1642073209928,51158,HTTP Request CodeIgniter,200,OK,Thread Group 1-59,text,true,,311911,134,29,29,https://codeigniter.herebussiness.com/,5304,0,1253
0,0,,Non HTTP response code: java.net.MalformedURLException,Non HTTP response message: Illegal character found in host: '/',Thread Group 1-59,text,false,,834,0,29,29,null,0,0,0
0,0,,Non HTTP response code: java.net.MalformedURLException,Non HTTP response message: Illegal character found in host: '/',Thread Group 1-59,text,false,,834,0,29,29,null,0,0,0
0,0,,Non HTTP response code: java.net.MalformedURLException,Non HTTP response message: Illegal character found in host: '/',Thread Group 1-59,text,false,,834,0,29,29,null,0,0,0
1642073208678,52572,HTTP Request CodeIgniter,200,OK,Thread Group 1-4,text,true,,311918,134,28,28,https://codeigniter.herebussiness.com/,3060,0,1189
0,0,,Non HTTP response code: java.net.MalformedURLException,Non HTTP response message: Illegal character found in host: '/',Thread Group 1-4,text,false,,834,0,28,28,null,0,0,0
0,0,,Non HTTP response code: java.net.MalformedURLException,Non HTTP response message: Illegal character found in host: '/',Thread Group 1-4,text,false,,834,0,28,28,null,0,0,0
0,0,,Non HTTP response code: java.net.MalformedURLException,Non HTTP response message: Illegal character found in host: '/',Thread Group 1-4,text,false,,834,0,28,28,null,0,0,0
1642073210354,51256,HTTP Request CodeIgniter,200,OK,Thread Group 1-71,text,true,,311904,134,27,27,https://codeigniter.herebussiness.com/,7540,0,1770
0,0,,Non HTTP response code: java.net.MalformedURLException,Non HTTP response message: Illegal character found in host: '/',Thread Group 1-71,text,false,,834,0,27,27,null,0,0,0
0,0,,Non HTTP response code: java.net.MalformedURLException,Non HTTP response message: Illegal character found in host: '/',Thread Group 1-71,text,false,,834,0,27,27,null,0,0,0
0,0,,Non HTTP response code: java.net.MalformedURLException,Non HTTP response message: Illegal character found in host: '/',Thread Group 1-71,text,false,,834,0,27,27,null,0,0,0
1642073208880,52886,HTTP Request CodeIgniter,200,OK,Thread Group 1-9,text,true,,311904,134,26,26,https://codeigniter.herebussiness.com/,2927,0,1244
0,0,,Non HTTP response code: java.net.MalformedURLException,Non HTTP response message: Illegal character found in host: '/',Thread Group 1-9,text,false,,834,0,26,26,null,0,0,0
0,0,,Non HTTP response code: java.net.MalformedURLException,Non HTTP response message: Illegal character found in host: '/',Thread Group 1-9,text,false,,834,0,26,26,null,0,0,0
0,0,,Non HTTP response code: java.net.MalformedURLException,Non HTTP response message: Illegal character found in host: '/',Thread Group 1-9,text,false,,834,0,26,26,null,0,0,0
1642073210408,51590,HTTP Request CodeIgniter,200,OK,Thread Group 1-84,text,true,,311904,134,25,25,https://codeigniter.herebussiness.com/,11788,0,1619
0,0,,Non HTTP response code: java.net.MalformedURLException,Non HTTP response message: Illegal character found in host: '/',Thread Group 1-84,text,false,,834,0,25,25,null,0,0,0
0,0,,Non HTTP response code: java.net.MalformedURLException,Non HTTP response message: Illegal character found in host: '/',Thread Group 1-84,text,false,,834,0,25,25,null,0,0,0
0,0,,Non HTTP response code: java.net.MalformedURLException,Non HTTP response message: Illegal character found in host: '/',Thread Group 1-84,text,false,,834,0,25,25,null,0,0,0
1642073208977,53570,HTTP Request CodeIgniter,200,OK,Thread Group 1-17,text,true,,311904,134,24,24,https://codeigniter.herebussiness.com/,13788,0,4120
0,0,,Non HTTP response code: java.net.MalformedURLException,Non HTTP response message: Illegal character found in host: '/',Thread Group 1-17,text,false,,834,0,24,24,null,0,0,0
0,0,,Non HTTP response code: java.net.MalformedURLException,Non HTTP response message: Illegal character found in host: '/',Thread Group 1-17,text,false,,834,0,24,24,null,0,0,0
0,0,,Non HTTP response code: java.net.MalformedURLException,Non HTTP response message: Illegal character found in host: '/',Thread Group 1-17,text,false,,834,0,24,24,null,0,0,0
1642073210001,52590,HTTP Request CodeIgniter,200,OK,Thread Group 1-57,text,true,,311904,134,23,23,https://codeigniter.herebussiness.com/,10578,0,6699
0,0,,Non HTTP response code: java.net.MalformedURLException,Non HTTP response message: Illegal character found in host: '/',Thread Group 1-57,text,false,,834,0,23,23,null,0,0,0
0,0,,Non HTTP response code: java.net.MalformedURLException,Non HTTP response message: Illegal character found in host: '/',Thread Group 1-57,text,false,,834,0,23,23,null,0,0,0
0,0,,Non HTTP response code: java.net.MalformedURLException,Non HTTP response message: Illegal character found in host: '/',Thread Group 1-57,text,false,,834,0,23,23,null,0,0,0
1642073209023,54151,HTTP Request CodeIgniter,200,OK,Thread Group 1-25,text,true,,311904,134,22,22,https://codeigniter.herebussiness.com/,14917,0,4337
0,0,,Non HTTP response code: java.net.MalformedURLException,Non HTTP response message: Illegal character found in host: '/',Thread Group 1-25,text,false,,834,0,22,22,null,0,0,0
0,0,,Non HTTP response code: java.net.MalformedURLException,Non HTTP response message: Illegal character found in host: '/',Thread Group 1-25,text,false,,834,0,22,22,null,0,0,0
0,0,,Non HTTP response code: java.net.MalformedURLException,Non HTTP response message: Illegal character found in host: '/',Thread Group 1-25,text,false,,834,0,22,22,null,0,0,0
1642073210590,52656,HTTP Request CodeIgniter,200,OK,Thread Group 1-91,text,true,,311904,134,21,21,https://codeigniter.herebussiness.com/,11457,0,1434
0,0,,Non HTTP response code: java.net.MalformedURLException,Non HTTP response message: Illegal character found in host: '/',Thread Group 1-91,text,false,,834,0,21,21,null,0,0,0
0,0,,Non HTTP response code: java.net.MalformedURLException,Non HTTP response message: Illegal character found in host: '/',Thread Group 1-91,text,false,,834,0,21,21,null,0,0,0
0,0,,Non HTTP response code: java.net.MalformedURLException,Non HTTP response message: Illegal character found in host: '/',Thread Group 1-91,text,false,,834,0,21,21,null,0,0,0
1642073208937,54377,HTTP Request CodeIgniter,200,OK,Thread Group 1-13,text,true,,311904,134,20,20,https://codeigniter.herebussiness.com/,13484,0,3912
0,0,,Non HTTP response code: java.net.MalformedURLException,Non HTTP response message: Illegal character found in host: '/',Thread Group 1-13,text,false,,834,0,20,20,null,0,0,0
0,0,,Non HTTP response code: java.net.MalformedURLException,Non HTTP response message: Illegal character found in host: '/',Thread Group 1-13,text,false,,834,0,20,20,null,0,0,0
0,0,,Non HTTP response code: java.net.MalformedURLException,Non HTTP response message: Illegal character found in host: '/',Thread Group 1-13,text,false,,834,0,20,20,null,0,0,0
1642073210618,52715,HTTP Request CodeIgniter,200,OK,Thread Group 1-99,text,true,,311904,134,19,19,https://codeigniter.herebussiness.com/,8596,0,3317
0,0,,Non HTTP response code: java.net.MalformedURLException,Non HTTP response message: Illegal character found in host: '/',Thread Group 1-99,text,false,,834,0,19,19,null,0,0,0
0,0,,Non HTTP response code: java.net.MalformedURLException,Non HTTP response message: Illegal character found in host: '/',Thread Group 1-99,text,false,,834,0,19,19,null,0,0,0
0,0,,Non HTTP response code: java.net.MalformedURLException,Non HTTP response message: Illegal character found in host: '/',Thread Group 1-99,text,false,,834,0,19,19,null,0,0,0
1642073209035,54633,HTTP Request CodeIgniter,200,OK,Thread Group 1-20,text,true,,311918,134,18,18,https://codeigniter.herebussiness.com/,9805,0,1141
0,0,,Non HTTP response code: java.net.MalformedURLException,Non HTTP response message: Illegal character found in host: '/',Thread Group 1-20,text,false,,834,0,18,18,null,0,0,0
0,0,,Non HTTP response code: java.net.MalformedURLException,Non HTTP response message: Illegal character found in host: '/',Thread Group 1-20,text,false,,834,0,18,18,null,0,0,0
0,0,,Non HTTP response code: java.net.MalformedURLException,Non HTTP response message: Illegal character found in host: '/',Thread Group 1-20,text,false,,834,0,18,18,null,0,0,0
1642073210580,53979,HTTP Request CodeIgniter,200,OK,Thread Group 1-86,text,true,,311904,134,17,17,https://codeigniter.herebussiness.com/,11453,0,1428
0,0,,Non HTTP response code: java.net.MalformedURLException,Non HTTP response message: Illegal character found in host: '/',Thread Group 1-86,text,false,,834,0,17,17,null,0,0,0
0,0,,Non HTTP response code: java.net.MalformedURLException,Non HTTP response message: Illegal character found in host: '/',Thread Group 1-86,text,false,,834,0,17,17,null,0,0,0
0,0,,Non HTTP response code: java.net.MalformedURLException,Non HTTP response message: Illegal character found in host: '/',Thread Group 1-86,text,false,,834,0,17,17,null,0,0,0
1642073209730,55496,HTTP Request CodeIgniter,200,OK,Thread Group 1-45,text,true,,311904,134,16,16,https://codeigniter.herebussiness.com/,11654,0,1244
0,0,,Non HTTP response code: java.net.MalformedURLException,Non HTTP response message: Illegal character found in host: '/',Thread Group 1-45,text,false,,834,0,16,16,null,0,0,0
0,0,,Non HTTP response code: java.net.MalformedURLException,Non HTTP response message: Illegal character found in host: '/',Thread Group 1-45,text,false,,834,0,16,16,null,0,0,0
0,0,,Non HTTP response code: java.net.MalformedURLException,Non HTTP response message: Illegal character found in host: '/',Thread Group 1-45,text,false,,834,0,16,16,null,0,0,0
1642073209997,55863,HTTP Request CodeIgniter,200,OK,Thread Group 1-61,text,true,,311904,134,15,15,https://codeigniter.herebussiness.com/,10376,0,1611
0,0,,Non HTTP response code: java.net.MalformedURLException,Non HTTP response message: Illegal character found in host: '/',Thread Group 1-61,text,false,,834,0,15,15,null,0,0,0
0,0,,Non HTTP response code: java.net.MalformedURLException,Non HTTP response message: Illegal character found in host: '/',Thread Group 1-61,text,false,,834,0,15,15,null,0,0,0
0,0,,Non HTTP response code: java.net.MalformedURLException,Non HTTP response message: Illegal character found in host: '/',Thread Group 1-61,text,false,,834,0,15,15,null,0,0,0
1642073208967,57737,HTTP Request CodeIgniter,200,OK,Thread Group 1-16,text,true,,311904,134,14,14,https://codeigniter.herebussiness.com/,2816,0,1204
0,0,,Non HTTP response code: java.net.MalformedURLException,Non HTTP response message: Illegal character found in host: '/',Thread Group 1-16,text,false,,834,0,14,14,null,0,0,0
0,0,,Non HTTP response code: java.net.MalformedURLException,Non HTTP response message: Illegal character found in host: '/',Thread Group 1-16,text,false,,834,0,14,14,null,0,0,0
0,0,,Non HTTP response code: java.net.MalformedURLException,Non HTTP response message: Illegal character found in host: '/',Thread Group 1-16,text,false,,834,0,14,14,null,0,0,0
1642073208991,57790,HTTP Request CodeIgniter,200,OK,Thread Group 1-18,text,true,,311904,134,13,13,https://codeigniter.herebussiness.com/,6278,0,2566
0,0,,Non HTTP response code: java.net.MalformedURLException,Non HTTP response message: Illegal character found in host: '/',Thread Group 1-18,text,false,,834,0,13,13,null,0,0,0
0,0,,Non HTTP response code: java.net.MalformedURLException,Non HTTP response message: Illegal character found in host: '/',Thread Group 1-18,text,false,,834,0,13,13,null,0,0,0
0,0,,Non HTTP response code: java.net.MalformedURLException,Non HTTP response message: Illegal character found in host: '/',Thread Group 1-18,text,false,,834,0,13,13,null,0,0,0
1642073209895,57163,HTTP Request CodeIgniter,200,OK,Thread Group 1-53,text,true,,311904,134,12,12,https://codeigniter.herebussiness.com/,12491,0,2444
0,0,,Non HTTP response code: java.net.MalformedURLException,Non HTTP response message: Illegal character found in host: '/',Thread Group 1-53,text,false,,834,0,12,12,null,0,0,0
0,0,,Non HTTP response code: java.net.MalformedURLException,Non HTTP response message: Illegal character found in host: '/',Thread Group 1-53,text,false,,834,0,12,12,null,0,0,0
0,0,,Non HTTP response code: java.net.MalformedURLException,Non HTTP response message: Illegal character found in host: '/',Thread Group 1-53,text,false,,834,0,12,12,null,0,0,0
1642073209000,58357,HTTP Request CodeIgniter,200,OK,Thread Group 1-23,text,true,,311904,134,11,11,https://codeigniter.herebussiness.com/,10025,0,1176
0,0,,Non HTTP response code: java.net.MalformedURLException,Non HTTP response message: Illegal character found in host: '/',Thread Group 1-23,text,false,,834,0,11,11,null,0,0,0
0,0,,Non HTTP response code: java.net.MalformedURLException,Non HTTP response message: Illegal character found in host: '/',Thread Group 1-23,text,false,,834,0,11,11,null,0,0,0
0,0,,Non HTTP response code: java.net.MalformedURLException,Non HTTP response message: Illegal character found in host: '/',Thread Group 1-23,text,false,,834,0,11,11,null,0,0,0
1642073209746,58076,HTTP Request CodeIgniter,200,OK,Thread Group 1-42,text,true,,311904,134,10,10,https://codeigniter.herebussiness.com/,4506,0,1266
0,0,,Non HTTP response code: java.net.MalformedURLException,Non HTTP response message: Illegal character found in host: '/',Thread Group 1-42,text,false,,834,0,10,10,null,0,0,0
0,0,,Non HTTP response code: java.net.MalformedURLException,Non HTTP response message: Illegal character found in host: '/',Thread Group 1-42,text,false,,834,0,10,10,null,0,0,0
0,0,,Non HTTP response code: java.net.MalformedURLException,Non HTTP response message: Illegal character found in host: '/',Thread Group 1-42,text,false,,834,0,10,10,null,0,0,0
1642073210413,57613,HTTP Request CodeIgniter,200,OK,Thread Group 1-85,text,true,,311904,134,9,9,https://codeigniter.herebussiness.com/,7196,0,1638
0,0,,Non HTTP response code: java.net.MalformedURLException,Non HTTP response message: Illegal character found in host: '/',Thread Group 1-85,text,false,,834,0,9,9,null,0,0,0
0,0,,Non HTTP response code: java.net.MalformedURLException,Non HTTP response message: Illegal character found in host: '/',Thread Group 1-85,text,false,,834,0,9,9,null,0,0,0
0,0,,Non HTTP response code: java.net.MalformedURLException,Non HTTP response message: Illegal character found in host: '/',Thread Group 1-85,text,false,,834,0,9,9,null,0,0,0
1642073209253,60561,HTTP Request CodeIgniter,200,OK,Thread Group 1-44,text,true,,311904,134,8,8,https://codeigniter.herebussiness.com/,8909,0,2957
0,0,,Non HTTP response code: java.net.MalformedURLException,Non HTTP response message: Illegal character found in host: '/',Thread Group 1-44,text,false,,834,0,8,8,null,0,0,0
0,0,,Non HTTP response code: java.net.MalformedURLException,Non HTTP response message: Illegal character found in host: '/',Thread Group 1-44,text,false,,834,0,8,8,null,0,0,0
0,0,,Non HTTP response code: java.net.MalformedURLException,Non HTTP response message: Illegal character found in host: '/',Thread Group 1-44,text,false,,834,0,8,8,null,0,0,0
1642073210390,60220,HTTP Request CodeIgniter,200,OK,Thread Group 1-79,text,true,,311918,134,7,7,https://codeigniter.herebussiness.com/,8289,0,2534
0,0,,Non HTTP response code: java.net.MalformedURLException,Non HTTP response message: Illegal character found in host: '/',Thread Group 1-79,text,false,,834,0,7,7,null,0,0,0
0,0,,Non HTTP response code: java.net.MalformedURLException,Non HTTP response message: Illegal character found in host: '/',Thread Group 1-79,text,false,,834,0,7,7,null,0,0,0
0,0,,Non HTTP response code: java.net.MalformedURLException,Non HTTP response message: Illegal character found in host: '/',Thread Group 1-79,text,false,,834,0,7,7,null,0,0,0
1642073210009,64363,HTTP Request CodeIgniter,200,OK,Thread Group 1-52,text,true,,311904,134,6,6,https://codeigniter.herebussiness.com/,8272,0,2249
0,0,,Non HTTP response code: java.net.MalformedURLException,Non HTTP response message: Illegal character found in host: '/',Thread Group 1-52,text,false,,834,0,6,6,null,0,0,0
0,0,,Non HTTP response code: java.net.MalformedURLException,Non HTTP response message: Illegal character found in host: '/',Thread Group 1-52,text,false,,834,0,6,6,null,0,0,0
0,0,,Non HTTP response code: java.net.MalformedURLException,Non HTTP response message: Illegal character found in host: '/',Thread Group 1-52,text,false,,834,0,6,6,null,0,0,0
1642073210400,66171,HTTP Request CodeIgniter,200,OK,Thread Group 1-82,text,true,,311904,134,5,5,https://codeigniter.herebussiness.com/,8680,0,3074
0,0,,Non HTTP response code: java.net.MalformedURLException,Non HTTP response message: Illegal character found in host: '/',Thread Group 1-82,text,false,,834,0,5,5,null,0,0,0
0,0,,Non HTTP response code: java.net.MalformedURLException,Non HTTP response message: Illegal character found in host: '/',Thread Group 1-82,text,false,,834,0,5,5,null,0,0,0
0,0,,Non HTTP response code: java.net.MalformedURLException,Non HTTP response message: Illegal character found in host: '/',Thread Group 1-82,text,false,,834,0,5,5,null,0,0,0
1642073209110,68933,HTTP Request CodeIgniter,200,OK,Thread Group 1-29,text,true,,311911,134,4,4,https://codeigniter.herebussiness.com/,3905,0,1093
0,0,,Non HTTP response code: java.net.MalformedURLException,Non HTTP response message: Illegal character found in host: '/',Thread Group 1-29,text,false,,834,0,4,4,null,0,0,0
0,0,,Non HTTP response code: java.net.MalformedURLException,Non HTTP response message: Illegal character found in host: '/',Thread Group 1-29,text,false,,834,0,4,4,null,0,0,0
0,0,,Non HTTP response code: java.net.MalformedURLException,Non HTTP response message: Illegal character found in host: '/',Thread Group 1-29,text,false,,834,0,4,4,null,0,0,0
1642073210593,71767,HTTP Request CodeIgniter,200,OK,Thread Group 1-93,text,true,,311918,134,3,3,https://codeigniter.herebussiness.com/,16147,0,1399
0,0,,Non HTTP response code: java.net.MalformedURLException,Non HTTP response message: Illegal character found in host: '/',Thread Group 1-93,text,false,,834,0,3,3,null,0,0,0
0,0,,Non HTTP response code: java.net.MalformedURLException,Non HTTP response message: Illegal character found in host: '/',Thread Group 1-93,text,false,,834,0,3,3,null,0,0,0
0,0,,Non HTTP response code: java.net.MalformedURLException,Non HTTP response message: Illegal character found in host: '/',Thread Group 1-93,text,false,,834,0,3,3,null,0,0,0
1642073209080,74146,HTTP Request CodeIgniter,200,OK,Thread Group 1-26,text,true,,311904,134,2,2,https://codeigniter.herebussiness.com/,11288,0,1226
0,0,,Non HTTP response code: java.net.MalformedURLException,Non HTTP response message: Illegal character found in host: '/',Thread Group 1-26,text,false,,834,0,2,2,null,0,0,0
0,0,,Non HTTP response code: java.net.MalformedURLException,Non HTTP response message: Illegal character found in host: '/',Thread Group 1-26,text,false,,834,0,2,2,null,0,0,0
0,0,,Non HTTP response code: java.net.MalformedURLException,Non HTTP response message: Illegal character found in host: '/',Thread Group 1-26,text,false,,834,0,2,2,null,0,0,0
1642073209158,93422,HTTP Request CodeIgniter,200,OK,Thread Group 1-35,text,true,,311904,134,1,1,https://codeigniter.herebussiness.com/,15818,0,2875
0,0,,Non HTTP response code: java.net.MalformedURLException,Non HTTP response message: Illegal character found in host: '/',Thread Group 1-35,text,false,,834,0,1,1,null,0,0,0
0,0,,Non HTTP response code: java.net.MalformedURLException,Non HTTP response message: Illegal character found in host: '/',Thread Group 1-35,text,false,,834,0,1,1,null,0,0,0
0,0,,Non HTTP response code: java.net.MalformedURLException,Non HTTP response message: Illegal character found in host: '/',Thread Group 1-35,text,false,,834,0,1,1,null,0,0,0
